{"cameraMode":{"drawMode":0,"name":"Shaded","section":"Shading Mode"},"sceneLighting":true,"audioPlay":false,"sceneViewState":{"m_AlwaysRefresh":false,"showFog":true,"showSkybox":true,"showFlares":true,"showImageEffects":true,"showParticleSystems":true,"showVisualEffectGraphs":true,"m_FxEnabled":false},"in2DMode":false,"pivot":{"x":3.285111904144287,"y":51.94850158691406,"z":-71.66427612304688},"rotation":{"x":-0.4136369228363037,"y":0.0012265227269381285,"z":-0.0065117948688566689,"w":-0.9108321666717529},"size":5.2872772216796879,"orthographic":false}